id_set;clauses;k_sat;n_var;num_clauses
1;[[3], [-4], [-1, -4]];3;5;3
2;[[-2, -1, 3], [2, -3]];3;5;2
3;[[-3, 4], [1, 2, -4]];3;5;2
4;[[4], [3], [-2, -3]];3;5;3
5;[[3, -1, 2], [-4], [3]];3;5;3
6;[[4, -2, 3], [2, -1, -3], [4, -5]];3;5;3
7;[[2], [4, -5], [-4]];3;5;3
8;[[4, -2, 3], [4], [-5, 4, 3]];3;5;3
9;[[2, 3], [1, -5]];3;5;2
10;[[-4], [-1, -3]];3;5;2
11;[[4, 1], [3, 1, -4], [4]];3;5;3
12;[[-2, -5, 3], [3, 4]];3;5;2
13;[[4], [3, 4]];3;5;2
14;[[-5], [-4, -1, 3], [-2]];3;5;3
15;[[-2], [-5], [3, 1]];3;5;3
16;[[-2, -1], [3], [-4, 3, -1]];3;5;3
17;[[3], [-2, 3], [3, 2, 4]];3;5;3
18;[[-2, 4, -5], [3, 2, 1], [-1, 3]];3;5;3
19;[[-5], [2]];3;5;2
20;[[1, -2, 3], [1, -3]];3;5;2
21;[[-1, -4], [-4, -1], [2, 1]];3;5;3
22;[[-4], [-4, -1], [-1, -5]];3;5;3
23;[[2, -5], [-3], [-1, -3]];3;5;3
24;[[-3, -1, -2], [1]];3;5;2
25;[[2], [1]];3;5;2
26;[[-2], [3, 2], [4, -1, -5]];3;5;3
27;[[3, -4], [-3, -4, -2]];3;5;2
28;[[-1, 4, -3], [2]];3;5;2
29;[[-4, 1], [-4], [-2, 3, -4]];3;5;3
30;[[1], [1, -5], [-4, -1, -5]];3;5;3
31;[[3, -4, -1], [-5, 1], [2]];3;5;3
32;[[-3, -5], [-2, -5], [1, -4]];3;5;3
33;[[-5], [4, -2, -3], [-4]];3;5;3
34;[[-1, -3, 4], [-4, -1, 2], [-3, -1, -5]];3;5;3
35;[[4, 3], [3], [-1, 2, 4]];3;5;3
36;[[1, 4, 3], [1, -2], [4]];3;5;3
37;[[-4, -1], [1]];3;5;2
38;[[-3], [-3, -2, -4], [1]];3;5;3
39;[[3], [-3, 4]];3;5;2
40;[[3, -4, 1], [-3, -5], [-5, -4, 3]];3;5;3
41;[[1, -3], [4], [3]];3;5;3
42;[[2, -4, -3], [2], [-3, -5]];3;5;3
43;[[3, -2], [-4, -5], [1]];3;5;3
44;[[-1, -4, -2], [-5, 3, 1], [3, 2]];3;5;3
45;[[-5, 4], [-3]];3;5;2
46;[[-1, 2], [2, 4, -5]];3;5;2
47;[[-2, 3], [-3, 4], [-2, 1]];3;5;3
48;[[-4, 3, -1], [-2, 3]];3;5;2
49;[[-3, 1], [-4, -3, -5]];3;5;2
50;[[3, 2], [-3, -1, -2], [2, -1, -3]];3;5;3
51;[[4, -5, -3], [3]];3;5;2
52;[[-5, -4], [-1]];3;5;2
53;[[-1], [-4]];3;5;2
54;[[-3, 2], [-2]];3;5;2
55;[[-5, 4], [-3]];3;5;2
56;[[2], [2, 3, 1], [1, -2]];3;5;3
57;[[4, -5, -1], [-3]];3;5;2
58;[[2, -4], [-4, 1], [-5, -1]];3;5;3
59;[[-3], [3, 1]];3;5;2
60;[[2, -1, -5], [-5], [1]];3;5;3
61;[[-1, -2], [1], [-4]];3;5;3
62;[[4, -2, 3], [1, 2]];3;5;2
63;[[2], [-1, 2], [2, -5]];3;5;3
64;[[-1, 4, 3], [2], [1, -4]];3;5;3
65;[[4, -5, -3], [1, -5], [-1, 4, 2]];3;5;3
66;[[-4], [-1, -2, -3], [-5]];3;5;3
67;[[2], [1, -5], [-5]];3;5;3
68;[[-5, -2, -3], [1, 3, -2], [-5]];3;5;3
69;[[4, -2], [-2, 1], [-1, 4, -2]];3;5;3
70;[[-5, 2, -4], [1, 3], [2]];3;5;3
71;[[-1, 4], [1, -2], [-3, -2, -1]];3;5;3
72;[[3], [3, -1, -2]];3;5;2
73;[[2], [-1, 3, 4], [3, -1]];3;5;3
74;[[-3, -1], [-3, -4, -2], [4, -5]];3;5;3
75;[[-4], [2, 4, -5]];3;5;2
76;[[-4], [1], [-5, -1]];3;5;3
77;[[1, -2], [-5, -3], [-2, -3, -1]];3;5;3
78;[[-3, -2, -1], [-4, -1]];3;5;2
79;[[-4, 1, -3], [3, 4]];3;5;2
80;[[-3], [3, -2], [-2]];3;5;3
81;[[-3, 1, 4], [-4], [-3, -2, 1]];3;5;3
82;[[-2, -3], [-2, 4], [2, 1, -3]];3;5;3
83;[[1], [4, 1], [-2]];3;5;3
84;[[-3], [4, -3]];3;5;2
85;[[-4], [-1, 2, -5], [-3]];3;5;3
86;[[2, -3], [-1, -2, -4], [1, -5]];3;5;3
87;[[3, 2, 1], [4, -3, -2]];3;5;2
88;[[-1, 3, -4], [-3, -1, 2], [-4, -3]];3;5;3
89;[[-1, -5, 3], [1]];3;5;2
90;[[3, -1], [-5, -1]];3;5;2
91;[[-5, -4], [1, -2, -3]];3;5;2
92;[[-3, -5, -1], [-5, 3]];3;5;2
93;[[4, 2, -1], [2, 4, -5], [-1, 2, -3]];3;5;3
94;[[-4], [3, -5]];3;5;2
95;[[2, -1, -3], [3, -1]];3;5;2
96;[[-4], [-1, 3], [-4, 3, -1]];3;5;3
97;[[2], [-3, 2]];3;5;2
98;[[-2], [1]];3;5;2
99;[[3, 4], [-4, 2, 1]];3;5;2
100;[[1, -4, -3], [4], [-1]];3;5;3
101;[[-5], [3, 1, -5], [3, -5]];3;5;3
102;[[4], [-4, -1, -2], [4, 1, -5]];3;5;3
103;[[4, -3, -1], [-1, 2, 4], [-1]];3;5;3
104;[[-3, -1, 4], [-2, -1]];3;5;2
105;[[-1, 4], [3, -1, -5], [4, -1, 2]];3;5;3
106;[[-3, -5], [2, -3]];3;5;2
107;[[-3], [-1, 2]];3;5;2
108;[[4], [-1, -4]];3;5;2
109;[[-3], [1, 4, -5]];3;5;2
110;[[4, 3], [-3], [1, -5]];3;5;3
111;[[1], [-2], [3]];3;5;3
112;[[4, 1], [2, -5, -4]];3;5;2
113;[[4, -1, -3], [4, 3, -2], [-1]];3;5;3
114;[[-1, -3, 2], [2, 3], [-2]];3;5;3
115;[[4], [2, -1], [-5, -4, 2]];3;5;3
116;[[2], [-5, 3]];3;5;2
117;[[2], [1, -5]];3;5;2
118;[[-4, -1, 2], [4, 1]];3;5;2
119;[[-1, -2, 3], [-2, -4, -3]];3;5;2
120;[[-2], [-5, 3, 4]];3;5;2
121;[[3, -1, -5], [-2], [1, -2]];3;5;3
122;[[3], [-2, 1, 4]];3;5;2
123;[[-5, 3, 1], [-2, 1]];3;5;2
124;[[-3, 2, 4], [-1], [3, -1, -4]];3;5;3
125;[[2], [1, 4]];3;5;2
126;[[4, -2, -3], [-1, -3, 2]];3;5;2
127;[[3, -2, -5], [4, 2]];3;5;2
128;[[1, 4], [-4, -1], [-4]];3;5;3
129;[[-4, -2, -1], [4, 3, 2]];3;5;2
130;[[3, -4, 2], [-4, -1]];3;5;2
131;[[3, -1], [-5, -1, 4]];3;5;2
132;[[-2, 3, -5], [3, 2, -4], [-4, -5]];3;5;3
133;[[-3, -2, 1], [-4, 2], [-4]];3;5;3
134;[[2, -5, -3], [1], [2]];3;5;3
135;[[1, 4], [-4], [1, -5, 4]];3;5;3
136;[[-1, 2], [-3, 1, -4], [4, -3]];3;5;3
137;[[-5, -4], [4, 2], [4]];3;5;3
138;[[-5], [3, 1]];3;5;2
139;[[-4, -3], [-2]];3;5;2
140;[[2, -4, -5], [1, 4, -3]];3;5;2
141;[[2, -3], [-1, 3], [2, -1, 3]];3;5;3
142;[[2], [3, -5], [4, 1]];3;5;3
143;[[-3, -5, -2], [2, 4, 3]];3;5;2
144;[[-3, -1], [-4, 2, -1]];3;5;2
145;[[-5, 4, 1], [-5], [-2]];3;5;3
146;[[-1, -4, -3], [-2, 1], [-2, -3]];3;5;3
147;[[4], [-1, -3], [-2, -4]];3;5;3
148;[[-3, 2, 4], [-3, 2], [4, 2]];3;5;3
149;[[-1], [-2, -4, 1]];3;5;2
150;[[-3, 4], [3, -5, -4]];3;5;2
151;[[-2], [-4, 3]];3;5;2
152;[[-2, 3], [2, -5]];3;5;2
153;[[-3, 1, 4], [-3], [2, 1, -3]];3;5;3
154;[[-4, 1, -3], [2, 4]];3;5;2
155;[[-5, 1, -3], [-2, -4, 1], [3, 4, 2]];3;5;3
156;[[-5, -3], [1, 4], [-1, -3]];3;5;3
157;[[-5, -4], [-3, -2], [-2, 4]];3;5;3
158;[[2, -1, -4], [-3, -5, -2], [4, -1]];3;5;3
159;[[-3], [-1, -3]];3;5;2
160;[[-4, -3, -2], [4], [1, 4, -5]];3;5;3
161;[[-1, -4], [-1, -4, 2], [-3]];3;5;3
162;[[-4, 1], [-5, 4], [1, -4, -2]];3;5;3
163;[[-3, -4], [4]];3;5;2
164;[[4], [-5, -3, -1], [-2]];3;5;3
165;[[1, 2, -5], [-5, -2, 1], [-2, 1]];3;5;3
166;[[4], [3, 2]];3;5;2
167;[[-5, -4], [4, -2, 3]];3;5;2
168;[[4, 1], [4], [-3, -5, 4]];3;5;3
169;[[-4, -5, -3], [-1, 4, 3], [1, -5, 4]];3;5;3
170;[[1, 4, 3], [-3, 2]];3;5;2
171;[[1], [-3], [-1, 3, -2]];3;5;3
172;[[-1, -2], [-4, -1, 3]];3;5;2
173;[[-3], [1, 4]];3;5;2
174;[[-3], [-4, 2, -1]];3;5;2
175;[[4, -2, -1], [-4, 2]];3;5;2
176;[[4], [-3, 1], [4, 3, 2]];3;5;3
177;[[-3, -2], [1, 3], [-3]];3;5;3
178;[[-5], [-1]];3;5;2
179;[[4], [-2, 3], [1, 3]];3;5;3
180;[[-3, 4, -5], [-4, -5, -2], [1]];3;5;3
181;[[2, -1, -5], [-2, -3, -5], [4, -3, -2]];3;5;3
182;[[-2], [-4, -1]];3;5;2
183;[[4, -3, 2], [-1, 2, -5], [-3]];3;5;3
184;[[-4], [-5, 3], [1]];3;5;3
185;[[-2, 1], [-2, 1, -5]];3;5;2
186;[[1], [4, 2], [-5]];3;5;3
187;[[4], [-5]];3;5;2
188;[[2, 3], [2]];3;5;2
189;[[3, -2, -1], [-1]];3;5;2
190;[[-1, -3, 2], [-3, -4, -2]];3;5;2
191;[[-2, -5, 3], [2], [1, -5]];3;5;3
192;[[4, -3], [1, -2, 3], [-3, -4, -1]];3;5;3
193;[[-2], [3, 1]];3;5;2
194;[[2, 1, -3], [-4]];3;5;2
195;[[-5, 4], [-3], [1, 2]];3;5;3
196;[[-5, -1, 2], [1, 3, 4]];3;5;2
197;[[-5, 2], [-1, 2]];3;5;2
198;[[4, -2], [-4, -3]];3;5;2
199;[[2, 4, -5], [4], [3, 1, -5]];3;5;3
200;[[3, -5, 2], [4, 3]];3;5;2
201;[[-5, 2, 1], [3]];3;5;2
202;[[1, 3, 2], [-4, -1, -3], [4, 2, -3]];3;5;3
203;[[2, -1], [-3]];3;5;2
204;[[4, 1, -3], [3, -1, -2], [-5, -2]];3;5;3
205;[[-4], [3, 2]];3;5;2
206;[[-2, -4, -5], [-4], [3]];3;5;3
207;[[-3], [-1]];3;5;2
208;[[-5, 1], [-4, -1]];3;5;2
209;[[-3, 2], [-4, -2], [-4, 3]];3;5;3
210;[[-5, 3], [-1, 2], [-2, -4]];3;5;3
211;[[2], [3], [-1, -5]];3;5;3
212;[[1], [-2, 1, -4], [-3, 2, -1]];3;5;3
213;[[2, -5], [-2, -5]];3;5;2
214;[[-4, -3, -2], [-1, -4]];3;5;2
215;[[-2, 4], [-3]];3;5;2
216;[[2, -3, -1], [1, -2]];3;5;2
217;[[-4], [-3]];3;5;2
218;[[-1, -5], [-4, 1]];3;5;2
219;[[-5, -3], [-4, -5, 1], [2]];3;5;3
220;[[-1], [-5]];3;5;2
221;[[-1, 3], [-4, -5, -1], [4, -1]];3;5;3
222;[[-3, -2], [-5, -1, -4]];3;5;2
223;[[-1], [-4, -2, -3]];3;5;2
224;[[-5, -2], [3, -1]];3;5;2
225;[[2], [1]];3;5;2
226;[[-5, 4], [-1, 2], [-3, -5, 2]];3;5;3
227;[[-2, -5, 3], [1, 2, -5], [2]];3;5;3
228;[[1, 4, 2], [3, -4], [-4, -3, -5]];3;5;3
229;[[1], [-5, 2, -3], [-4]];3;5;3
230;[[4, -2], [4, 3], [-5]];3;5;3
231;[[2, 3], [-2, -5, -4]];3;5;2
232;[[1, -5, 3], [1, -5]];3;5;2
233;[[1, -5], [-2, -4, 1]];3;5;2
234;[[-4], [-3, -5]];3;5;2
235;[[-1, 4], [-2, -5], [-3, -1, 4]];3;5;3
236;[[2], [1], [3, 1, 4]];3;5;3
237;[[-5, -3], [3], [-4, -5]];3;5;3
238;[[1, 4, -5], [1, -3], [-4]];3;5;3
239;[[1, -5, -3], [-4, -5, -3], [-1, 4, 3]];3;5;3
240;[[-2, -5, 4], [3, 4, -1]];3;5;2
241;[[1, -2], [3]];3;5;2
242;[[-5, 4], [-5]];3;5;2
243;[[-1], [-5, -4], [-4, -5]];3;5;3
244;[[4, -5], [-2, -3, -4], [-2, 1, 4]];3;5;3
245;[[1, -5], [1, -3], [-1]];3;5;3
246;[[4, -5, -2], [1], [-1, 3, 4]];3;5;3
247;[[-1, 3, 2], [-4, -1, -2]];3;5;2
248;[[-4, -1, -5], [3, -2]];3;5;2
249;[[1, -5], [-5, 1, -2], [-4, 2]];3;5;3
250;[[-2, 3], [-2, -1]];3;5;2
251;[[1, 4, -3], [-5, 3], [-2]];3;5;3
252;[[-4, 2], [-3], [-3, 2]];3;5;3
253;[[1, 4], [1, 3]];3;5;2
254;[[3, 2, 4], [-5, 2], [-4, 2, -1]];3;5;3
255;[[-4], [-2, -4, -5], [-3]];3;5;3
256;[[4], [-2]];3;5;2
257;[[1, 2, -5], [-2, -4], [-4, 3, 1]];3;5;3
258;[[2, 1, 3], [-4], [-1]];3;5;3
259;[[1, 4, 2], [1, -3, -2], [1, -2, -3]];3;5;3
260;[[-4, 2], [-2, -4]];3;5;2
261;[[-3], [4], [-3, 1]];3;5;3
262;[[-3, -4, -5], [1, -4], [3, 2]];3;5;3
263;[[-3, -2, -1], [1]];3;5;2
264;[[2, -3], [-1, 3, 2]];3;5;2
265;[[-3], [3, -1, -5]];3;5;2
266;[[-3, -4], [3, 2, -5]];3;5;2
267;[[-5], [1], [-1, 3]];3;5;3
268;[[3, 2, -4], [-2, -1, 3], [2, -5]];3;5;3
269;[[-4, 3], [-4], [1, 2, 4]];3;5;3
270;[[-4], [-3], [-2]];3;5;3
271;[[-2, -4], [-4, -5, 3]];3;5;2
272;[[-5, -2], [4, 2, -3], [3, -2, -5]];3;5;3
273;[[3, -5], [2, 1, 4], [1]];3;5;3
274;[[3], [-1, -2, 3], [3, -5]];3;5;3
275;[[3, -4, -5], [2, -4], [-1, 4]];3;5;3
276;[[-2, 3, 1], [-3, 1]];3;5;2
277;[[3], [-1], [2, -1]];3;5;3
278;[[-4], [-5, -3]];3;5;2
279;[[1], [-1, -2]];3;5;2
280;[[-5], [-4], [-3]];3;5;3
281;[[-2], [-1, -3], [-2, -4]];3;5;3
282;[[4, -3, -2], [-3, -5, -1], [1, -3]];3;5;3
283;[[4], [-4, -3, 2], [1, 3]];3;5;3
284;[[-3], [4, -5, -1]];3;5;2
285;[[-5, -4], [2, 1, 4]];3;5;2
286;[[4, -3, -2], [-5, -1, -3]];3;5;2
287;[[-3, -1], [-3]];3;5;2
288;[[-5], [-3, -4, -1]];3;5;2
289;[[-4, 3], [4, 3, 1]];3;5;2
290;[[2, 3], [-4]];3;5;2
291;[[4, 2], [-2, 4, -5]];3;5;2
292;[[-3], [3, -2, 4]];3;5;2
293;[[-5, 1], [-2, -1, -3], [-1, 3]];3;5;3
294;[[-3], [-1, -3], [2, -5]];3;5;3
295;[[-1, -3, -5], [3, 4]];3;5;2
296;[[-1, -2], [-2], [-4, -1]];3;5;3
297;[[1], [4, -3, -2]];3;5;2
298;[[-5, -3, 2], [-5, 3, -4], [-3]];3;5;3
299;[[1, 3, 2], [3], [1, 2, -4]];3;5;3
300;[[-5, 4], [-5, -4], [-2, 4]];3;5;3
301;[[1, 2], [-3, 4], [3]];3;5;3
302;[[2, -1], [-3], [-3, -4, 2]];3;5;3
303;[[-5], [-3, -4, -1]];3;5;2
304;[[-1, 3, 4], [-3], [-3, 4, -5]];3;5;3
305;[[1], [1, -3, -2]];3;5;2
306;[[-3, -1], [-3, -2, -5], [2, 1]];3;5;3
307;[[3, -2, 4], [3, 1, 4], [4, -1, -5]];3;5;3
308;[[-2, 4], [1, -4, -2], [3, 4]];3;5;3
309;[[2], [-1]];3;5;2
310;[[-5, -3, 4], [-1]];3;5;2
311;[[-5, 1], [-1, -3], [2]];3;5;3
312;[[-2, -1, -4], [-4, 3], [2, -1, 4]];3;5;3
313;[[1, -3, -4], [-2, 1, 3]];3;5;2
314;[[3], [2]];3;5;2
315;[[4, -1], [1, -2], [4, -3, -1]];3;5;3
316;[[2, -4], [-2, -5]];3;5;2
317;[[2, 4, -5], [-4], [-3]];3;5;3
318;[[-1, 4, -3], [-3], [3, -1, -4]];3;5;3
319;[[1], [-1, -3, -4], [-2, -5]];3;5;3
320;[[-5, -4], [3, 2, 4], [2]];3;5;3
321;[[3, 4], [-2]];3;5;2
322;[[-2, -5], [1], [-5]];3;5;3
323;[[1, 3], [4, 3, -2], [-4]];3;5;3
324;[[-1, 2], [3, -4, -2]];3;5;2
325;[[-4], [-3, 1, 4]];3;5;2
326;[[1], [-5], [2, -3, 1]];3;5;3
327;[[-5], [-3]];3;5;2
328;[[-1], [-3, -1, 4]];3;5;2
329;[[2, -4], [-3, 2, -4]];3;5;2
330;[[-3], [-2, -4, 3], [4, 1, 3]];3;5;3
331;[[-3, -2], [-3]];3;5;2
332;[[2], [-2, -5, -1], [4]];3;5;3
333;[[-2], [-3, -5, 2], [4, 3, -2]];3;5;3
334;[[-5], [-4, 3]];3;5;2
335;[[4, 2, 3], [1, 2, 3], [3, 2]];3;5;3
336;[[4, 3, -2], [-5]];3;5;2
337;[[-2, -3], [-1], [2, 4]];3;5;3
338;[[3], [-4]];3;5;2
339;[[2, 3], [2, -4, -1], [2, -1, -4]];3;5;3
340;[[-3, -2], [4]];3;5;2
341;[[1, 2], [-3, -1, 4], [-5]];3;5;3
342;[[-5, -2], [1, -2, -4]];3;5;2
343;[[2], [1, -2, 3], [1]];3;5;3
344;[[-4, -1], [-5, -2]];3;5;2
345;[[3, -4], [3, -4, -1], [-4, -3]];3;5;3
346;[[-4, -1], [-1, -2]];3;5;2
347;[[1, -4], [3, -1], [3, -5, -1]];3;5;3
348;[[-1], [2, -5, -1]];3;5;2
349;[[3], [1, -3]];3;5;2
350;[[-1], [-3]];3;5;2
351;[[-2, -5, 1], [4]];3;5;2
352;[[-1, -5, -2], [2, 4, -1], [1, 3]];3;5;3
353;[[-5], [1]];3;5;2
354;[[3, -4, 2], [4, 1, 3]];3;5;2
355;[[-2], [1, -2]];3;5;2
356;[[3, -2, -1], [3, -2, -4], [-3]];3;5;3
357;[[-2, 1, 4], [-1, 3], [1]];3;5;3
358;[[2], [-3, 4], [4, -2, 3]];3;5;3
359;[[4, -2, 1], [-1, 4, -3], [-5, -4, 3]];3;5;3
360;[[3], [1, -4], [-4, -3, -5]];3;5;3
361;[[1], [-4, 2, 1], [4, 1]];3;5;3
362;[[2, 4], [1, -4], [-4, -1]];3;5;3
363;[[-5], [-3], [1, 4]];3;5;3
364;[[-2, 1], [1], [4, 3]];3;5;3
365;[[-3, -2, 4], [-3, 1, -5]];3;5;2
366;[[-3], [2], [-3, -1, 2]];3;5;3
367;[[2, -1], [-2, 3]];3;5;2
368;[[4, -2], [-4]];3;5;2
369;[[3, -2], [-4, 1, -3]];3;5;2
370;[[-3], [4, -1, -2]];3;5;2
371;[[-3], [2], [1, -4, -3]];3;5;3
372;[[4], [3, 2]];3;5;2
373;[[-4, 1, -3], [-3, 4, -2]];3;5;2
374;[[3], [4, 3]];3;5;2
375;[[3], [-4]];3;5;2
376;[[-5], [-5, -3, -1]];3;5;2
377;[[-1, -2], [4]];3;5;2
378;[[-2, -4], [2]];3;5;2
379;[[1, 3], [-2], [3, 1, -5]];3;5;3
380;[[-4, -2], [-5]];3;5;2
381;[[-1, 3], [2, 3]];3;5;2
382;[[-3], [4, 1, 3]];3;5;2
383;[[-4, -5, -1], [-4, -3], [-1, -5, -4]];3;5;3
384;[[-1, -2], [4]];3;5;2
385;[[2, -1, 3], [2]];3;5;2
386;[[4], [1, -5, 2], [-1, 4]];3;5;3
387;[[-3], [-5], [3, -5, -4]];3;5;3
388;[[2], [-5, 3]];3;5;2
389;[[2, 3, -5], [4], [-1, -5]];3;5;3
390;[[-4], [2, 1]];3;5;2
391;[[-4, -2], [-3], [2]];3;5;3
392;[[-1], [2, 3, -4], [1, 4, -2]];3;5;3
393;[[-2, 3, 1], [3, 2], [-4]];3;5;3
394;[[-3, -5, -4], [2, -5]];3;5;2
395;[[2, 3], [1, 3], [-2, 3, -4]];3;5;3
396;[[4, 3, 2], [1, 2, -5], [2, -4, 3]];3;5;3
397;[[-4, -3, 1], [-1, -3]];3;5;2
398;[[-3, 4, 1], [4]];3;5;2
399;[[-5, -4, -2], [-2, -4, -3], [-5, 4, -3]];3;5;3
400;[[-2], [3, -1, 2], [-4]];3;5;3
401;[[-4], [1]];3;5;2
402;[[-4], [-5]];3;5;2
403;[[-2, -3], [-3, -2], [-1, -3, -4]];3;5;3
404;[[3, -4, 2], [1, 2]];3;5;2
405;[[2, 1], [-1, -4, -5], [-1]];3;5;3
406;[[-2, -1], [1]];3;5;2
407;[[-2, 3], [-3, 1, -2]];3;5;2
408;[[2], [-2, 4, 3]];3;5;2
409;[[-1, -2, 4], [3, -1]];3;5;2
410;[[4, -2, 3], [-4, -2, -5], [-1, -3, -5]];3;5;3
411;[[-1], [-5, -2, 1], [-2, -3]];3;5;3
412;[[4, -3, -1], [-5, -2]];3;5;2
413;[[1, -2, -4], [-1, 4], [-4]];3;5;3
414;[[1], [3, -1]];3;5;2
415;[[4, 3], [-4, 2, 1], [3, -2]];3;5;3
416;[[-4, -1], [1, -4, 2], [4, 2]];3;5;3
417;[[1], [-2], [1, -4]];3;5;3
418;[[-4, -5], [-1, -4]];3;5;2
419;[[-1], [-5, 1], [-1, 2]];3;5;3
420;[[-4, 3, -1], [3, -1, 2]];3;5;2
421;[[-2, -3], [-3], [-4]];3;5;3
422;[[-5, -1], [-3]];3;5;2
423;[[-2], [-4, -5]];3;5;2
424;[[-5, -1, -4], [-4, 3], [-4, 1]];3;5;3
425;[[-4, -3], [1, -4], [3]];3;5;3
426;[[4, -3, 1], [-3, -2], [2, -5, 1]];3;5;3
427;[[2, 3, 4], [3, 4, -1]];3;5;2
428;[[3], [4, -5, 1], [-1, -2, 4]];3;5;3
429;[[-1], [4]];3;5;2
430;[[-3, -5], [-5]];3;5;2
431;[[1], [-5], [-5, 2, 3]];3;5;3
432;[[2, -4, 3], [2]];3;5;2
433;[[3, 4, -1], [-1, 2, 3], [-1]];3;5;3
434;[[2], [3, -1], [-3]];3;5;3
435;[[4, 1], [-3, -4, 2], [-4, -3, -1]];3;5;3
436;[[-2, 4], [1, 2], [-3]];3;5;3
437;[[-1, 3, -5], [-1], [-4, -1]];3;5;3
438;[[1], [-3]];3;5;2
439;[[4, -3, 2], [-5, -2, -1], [3, 4, 1]];3;5;3
440;[[4, -5, -2], [-4]];3;5;2
441;[[-2], [2, -3, -1]];3;5;2
442;[[-5, -1, -4], [4], [2, -4, 3]];3;5;3
443;[[-3], [1, 4]];3;5;2
444;[[-4], [-2, -1, -5]];3;5;2
445;[[1, -4], [3, -4]];3;5;2
446;[[4, -1], [2, 3], [-3, 1]];3;5;3
447;[[-5, -3], [1, -5]];3;5;2
448;[[-2, -1], [-5], [2, -3]];3;5;3
449;[[-2, 1, -3], [1, -2, 3]];3;5;2
450;[[-4, -1, -3], [4]];3;5;2
451;[[4], [-4, 1, -5]];3;5;2
452;[[2, -4], [2]];3;5;2
453;[[1, -2, -4], [-3]];3;5;2
454;[[-2, -1], [-3], [1, -5, -3]];3;5;3
455;[[1, -5, 2], [2, 3, 4]];3;5;2
456;[[3, 1, -5], [-4], [3, 1]];3;5;3
457;[[-5], [3, -1]];3;5;2
458;[[4], [-5]];3;5;2
459;[[-5], [-1, 4]];3;5;2
460;[[3, -5], [-1]];3;5;2
461;[[-5, 4], [2, -3, -4], [1]];3;5;3
462;[[-4], [-1, -5]];3;5;2
463;[[-1, 2, -4], [3, -2, 1]];3;5;2
464;[[-1, -2, 3], [1, -3], [-1]];3;5;3
465;[[3, 2], [-4, -5]];3;5;2
466;[[-1, 4, -3], [4, 1, -2]];3;5;2
467;[[-4, 2], [-2, 4]];3;5;2
468;[[-5], [-2], [-3, -2]];3;5;3
469;[[-3], [-1, -4], [-4]];3;5;3
470;[[-3], [-3, -1, -2]];3;5;2
471;[[-4, -3, -5], [3, -5], [-2]];3;5;3
472;[[1], [3, 4, -2], [2]];3;5;3
473;[[-1], [4, 1], [-3, -5, -2]];3;5;3
474;[[4, -3, 2], [-2], [-1, -5]];3;5;3
475;[[-1], [-2, 3, -1]];3;5;2
476;[[2, -5], [-2], [-4]];3;5;3
477;[[3, -2, -5], [-2], [1]];3;5;3
478;[[-3, 2, 1], [-4], [-5]];3;5;3
479;[[-2], [1, -3], [3]];3;5;3
480;[[2, -1], [-2, 4, -3], [1, -2, -5]];3;5;3
481;[[-3], [-4, 1], [4, -3]];3;5;3
482;[[-2], [-5, 4, 3]];3;5;2
483;[[1, -2, -3], [-1]];3;5;2
484;[[-2, 1, -4], [-4, 1]];3;5;2
485;[[-3, -1], [2, -3, 1], [4]];3;5;3
486;[[3], [-4]];3;5;2
487;[[-2], [3]];3;5;2
488;[[4], [-3, 1, 2], [-4, -3, 2]];3;5;3
489;[[4, -5], [-5, -3, -2], [-4, 1, -5]];3;5;3
490;[[-3, -1], [1, -5], [-3, -4, 1]];3;5;3
491;[[-2], [1, -5, 3]];3;5;2
492;[[-4, -1], [4, -5]];3;5;2
493;[[-4], [-1]];3;5;2
494;[[-5, -4, 1], [-2], [2, 3, 4]];3;5;3
495;[[1], [-2, -4], [3]];3;5;3
496;[[-5, 3, 4], [-4, -2]];3;5;2
497;[[2, 3, 1], [3, 2]];3;5;2
498;[[2, -5], [2, -4], [4, -1, -3]];3;5;3
499;[[-2, -5], [-2]];3;5;2
500;[[1, 3], [3, -5], [1]];3;5;3
501;[[-4], [2], [-3]];3;5;3
502;[[-5, -3, -1], [3, -1], [-1, -5, -2]];3;5;3
503;[[1], [4, 3, -5], [-5]];3;5;3
504;[[-5, 1, -2], [2], [3]];3;5;3
505;[[-1], [-5, 1, 3], [1, -5, 4]];3;5;3
506;[[-1, 3], [-4, -3, -2]];3;5;2
507;[[2, 3], [-5, 4]];3;5;2
508;[[-5], [-4], [3]];3;5;3
509;[[-2, -4, -1], [4, 3, -2]];3;5;2
510;[[1, 3, 4], [2]];3;5;2
511;[[-2, 1], [-1, -4], [-3, -2, -4]];3;5;3
512;[[2, -4], [-5, -3, 4]];3;5;2
513;[[-2, -4], [-3, 2, -4]];3;5;2
514;[[-3, 1, -2], [4, -1], [-5, 2, -4]];3;5;3
515;[[1, 3], [-5]];3;5;2
516;[[3], [-1, 3]];3;5;2
517;[[-4, -1, 3], [1, 2, -5], [-2, 1, 3]];3;5;3
518;[[3, 2], [3, -5, -4]];3;5;2
519;[[4, -2, 3], [-3]];3;5;2
520;[[1, -4], [3, -2, 1], [-5, -2]];3;5;3
521;[[4, -3], [1, -4]];3;5;2
522;[[1, -4], [-2, -4, -1]];3;5;2
523;[[1, -3, -4], [1]];3;5;2
524;[[3, 1, -2], [-5]];3;5;2
525;[[-1, -2], [2, -1, -5]];3;5;2
526;[[-2], [-5, -1], [1, -2, -3]];3;5;3
527;[[3, -1, -2], [4]];3;5;2
528;[[4], [1]];3;5;2
529;[[-3, 2], [-4]];3;5;2
530;[[-2, -1, 3], [-5]];3;5;2
531;[[-4, -3, 2], [-1], [-5, -4]];3;5;3
532;[[-5, -2], [-5, 4, -2]];3;5;2
533;[[3, -4], [-2, -4], [-5, -3]];3;5;3
534;[[-3, 1], [-3, -1, -4], [2, -5]];3;5;3
535;[[4], [-2], [2, 1]];3;5;3
536;[[3, 4, -1], [1]];3;5;2
537;[[3, 2, -4], [3, 1]];3;5;2
538;[[4], [-2]];3;5;2
539;[[4, -5], [3, 1, 4]];3;5;2
540;[[4, 1, 2], [1, -3], [2, 4]];3;5;3
541;[[-1], [3]];3;5;2
542;[[4], [-2], [2, -1]];3;5;3
543;[[4], [1, 3]];3;5;2
544;[[-1, 3], [2, 4]];3;5;2
545;[[-3], [-4, -2]];3;5;2
546;[[-1], [4, -1, -5]];3;5;2
547;[[-1], [-1, 2, -3], [4, 2]];3;5;3
548;[[-3, 4, -5], [-5]];3;5;2
549;[[2], [-3], [1]];3;5;3
550;[[4], [-2, -3, -5]];3;5;2
551;[[3, -5], [4], [-2, -3]];3;5;3
552;[[-1, -5], [2], [4, 3]];3;5;3
553;[[1, -5, 2], [-3]];3;5;2
554;[[-3, -5, -2], [-1, -2]];3;5;2
555;[[-1, -2], [4, 2], [1, 3]];3;5;3
556;[[4, -3, 2], [-4, -3]];3;5;2
557;[[-5, 2], [1], [4, 2]];3;5;3
558;[[-3, -2, 4], [-3, 1]];3;5;2
559;[[-1, 3], [3, 4]];3;5;2
560;[[4], [3]];3;5;2
561;[[-3, -4], [-3, 4, -5], [1, -4]];3;5;3
562;[[-2, -5], [4, 1, -2]];3;5;2
563;[[1, 4], [4, -2, -3]];3;5;2
564;[[4], [1, -5]];3;5;2
565;[[2, -1, 3], [-4, -5, 3]];3;5;2
566;[[2, -3, -5], [3, 4]];3;5;2
567;[[3, 4], [2]];3;5;2
568;[[-3, 2], [-5], [-2, -5, -4]];3;5;3
569;[[-2, -4], [4]];3;5;2
570;[[-3, -5, -2], [-1], [-2]];3;5;3
571;[[4, -5], [-4], [-2, 1, -4]];3;5;3
572;[[3, -2], [-4, 2], [4, -1]];3;5;3
573;[[-2], [-4, -3, 1], [-4, 1, 3]];3;5;3
574;[[-2, 1], [1]];3;5;2
575;[[-1], [3]];3;5;2
576;[[4], [2]];3;5;2
577;[[-2, -3, -5], [-5]];3;5;2
578;[[1, 3, -5], [3], [-2, -4, 3]];3;5;3
579;[[-4], [-5]];3;5;2
580;[[2, -4], [1], [-5]];3;5;3
581;[[-5, 2], [2]];3;5;2
582;[[1, -2, -5], [2, 3, 1], [3, -2]];3;5;3
583;[[-3], [-2, -5], [-5, -1]];3;5;3
584;[[-5, 2, 3], [4, -3]];3;5;2
585;[[-1, 3, 4], [-5], [3, -2]];3;5;3
586;[[-5, -4, 2], [4], [-1, -3]];3;5;3
587;[[2, 3, 1], [2, -5, -3], [1]];3;5;3
588;[[-4, -2, 3], [-3], [-1]];3;5;3
589;[[4], [-2]];3;5;2
590;[[-1, -3], [4, 1, -2]];3;5;2
591;[[-4, -1], [2]];3;5;2
592;[[1, 4], [-4]];3;5;2
593;[[2], [-5, -4, 3]];3;5;2
594;[[1], [2]];3;5;2
595;[[2], [-2, -4, 3]];3;5;2
596;[[3, 1, 2], [-2, -5, -4]];3;5;2
597;[[-4, 2], [-3, -1, -2], [-2, -5]];3;5;3
598;[[-5], [-5, 2, -4], [-4, 2]];3;5;3
599;[[1], [3, -1, -4]];3;5;2
600;[[-5], [3, 2], [4, -5, 2]];3;5;3
601;[[-4, -1], [-5, -1, -2], [-5]];3;5;3
602;[[-3, -2], [1, -3]];3;5;2
603;[[4, 1, -2], [-5, 2]];3;5;2
604;[[3, -1, 4], [2, 3, -5], [-2, 4, 1]];3;5;3
605;[[3], [1]];3;5;2
606;[[3], [-2, 1], [-4]];3;5;3
607;[[-1], [-1, 3, 2], [1, -2]];3;5;3
608;[[-2], [-3, -5], [-5, 3]];3;5;3
609;[[-2, -3], [-5, 1, 3], [2]];3;5;3
610;[[-5], [-3, -5]];3;5;2
611;[[-4], [-4, 2, -5]];3;5;2
612;[[-4, -1], [3, 2, -1]];3;5;2
613;[[1, -4], [1, 2]];3;5;2
614;[[-5, -4], [-3]];3;5;2
615;[[4, -3], [-2, 1, 4], [-4, 2]];3;5;3
616;[[-2, -3, 1], [1, -4, -3], [-3]];3;5;3
617;[[3, -2, -4], [2, -3, -1], [-2, -1, -3]];3;5;3
618;[[3, 1], [2, -3, -1]];3;5;2
619;[[1, 2, -5], [4, 2, 3], [-5]];3;5;3
620;[[-2, -5, -3], [-5, 2], [2]];3;5;3
621;[[-3], [-2]];3;5;2
622;[[-3, 1, 2], [-2, -3], [-1]];3;5;3
623;[[1, -4], [2]];3;5;2
624;[[3], [4], [3, -2, 4]];3;5;3
625;[[4], [-5]];3;5;2
626;[[-4], [-2]];3;5;2
627;[[-5, -4, 1], [3, -5], [-2, -4]];3;5;3
628;[[-2], [-1, 4]];3;5;2
629;[[-3, -4], [-3, 1]];3;5;2
630;[[-3, -2], [-1], [2, -4, -5]];3;5;3
631;[[-3], [-2], [-1]];3;5;3
632;[[1, -5, -4], [3]];3;5;2
633;[[-4], [-2]];3;5;2
634;[[3], [1]];3;5;2
635;[[2], [3, -1, 2]];3;5;2
636;[[-1], [1, 4], [3, 1, 2]];3;5;3
637;[[2], [-4, -2, 3]];3;5;2
638;[[2, 3], [1], [-3, -5]];3;5;3
639;[[-3, 4], [4], [-1, -2]];3;5;3
640;[[3], [-5, -3, -1]];3;5;2
641;[[-1, 3, -4], [-5]];3;5;2
642;[[1], [4, -5], [1, 4, -2]];3;5;3
643;[[2], [1]];3;5;2
644;[[1], [-5]];3;5;2
645;[[-4, -2], [1, -4, -3]];3;5;2
646;[[1], [-2]];3;5;2
647;[[-5], [4, 3, 1], [-5, -4]];3;5;3
648;[[3, 4, -5], [-2]];3;5;2
649;[[1, -4], [3, -4, 1]];3;5;2
650;[[-1, -2], [3], [-1, 4, -2]];3;5;3
651;[[-1, 2], [3, -5, -2], [-2]];3;5;3
652;[[-2], [3, -5]];3;5;2
653;[[-2, -5, 4], [-4]];3;5;2
654;[[4], [-4, -2]];3;5;2
655;[[3, -1, 2], [3]];3;5;2
656;[[-2], [4], [-3]];3;5;3
657;[[-2, 4, -5], [1], [3]];3;5;3
658;[[-1, -3], [1, -3]];3;5;2
659;[[-1, -5, 3], [-1, -5], [2, -5, 3]];3;5;3
660;[[1, 4, -3], [-5, -3, -1]];3;5;2
661;[[-4, -2], [1, 4, 3], [-4, -1]];3;5;3
662;[[-1, -2, 3], [-2, -1, -4]];3;5;2
663;[[-3, 2, -4], [-1, 3, 2], [1]];3;5;3
664;[[-5, -1, -2], [1, -3, -5]];3;5;2
665;[[1], [-4, 3]];3;5;2
666;[[4, -1, -2], [-5, 3]];3;5;2
667;[[1, -3], [3], [1, 4]];3;5;3
668;[[-3, -4, -5], [1, -5, 3]];3;5;2
669;[[-2, 4, 1], [-2, -5, -3], [4, -2]];3;5;3
670;[[4, -5, 1], [3]];3;5;2
671;[[3, 4, -1], [2]];3;5;2
672;[[-2, 3], [1, -4, -3]];3;5;2
673;[[-4], [-3, 4]];3;5;2
674;[[-4, -3, 2], [3]];3;5;2
675;[[2], [-2, -5, -1], [-3, -5]];3;5;3
676;[[-2, 3, -4], [-4, -1, -2], [3, 2]];3;5;3
677;[[-2, -5], [-4]];3;5;2
678;[[-4], [2, -1, 4], [-3]];3;5;3
679;[[4], [2]];3;5;2
680;[[-1, -5, 2], [-1]];3;5;2
681;[[-4, 3], [-5, 4]];3;5;2
682;[[1], [-1, 2]];3;5;2
683;[[-3, -2, 4], [-1, -4, -5]];3;5;2
684;[[-5, 2], [-2, -4], [3, 1]];3;5;3
685;[[-3, 1], [2], [1, -5, 3]];3;5;3
686;[[-2], [1]];3;5;2
687;[[-5], [-4, -5, -2], [-4]];3;5;3
688;[[-2], [-1]];3;5;2
689;[[4, -1], [4, 2]];3;5;2
690;[[3, -1], [-3], [-3, -2]];3;5;3
691;[[4, -2], [-4, 2]];3;5;2
692;[[-5, 2], [3, -4, 2], [-1]];3;5;3
693;[[-3], [4, -3, 1]];3;5;2
694;[[1, 2, -5], [-2, -1, -4], [-2, -3, 4]];3;5;3
695;[[-5], [-4], [-5, -4, -3]];3;5;3
696;[[-3, -1], [1, 3], [4, 3, -5]];3;5;3
697;[[4, 2, -5], [4, 1, -5], [3, 4]];3;5;3
698;[[2, 3, 1], [2], [2, -5, 4]];3;5;3
699;[[1, -2, -4], [-2]];3;5;2
700;[[-5], [4, -1], [-4, -1, -2]];3;5;3
701;[[-3], [-3, -5, -1], [-2]];3;5;3
702;[[-1, -3, -5], [2], [1, 4]];3;5;3
703;[[-4, 3, 1], [4, 3]];3;5;2
704;[[-5, -3, 4], [1, 4, 3]];3;5;2
705;[[-4, -5, -3], [-1, 4], [1, -4, 2]];3;5;3
706;[[-3], [-3, 2, -5]];3;5;2
707;[[4, 1, -2], [3, -2]];3;5;2
708;[[-2, 3], [-2], [-4, 1, -2]];3;5;3
709;[[-2, -3, -5], [-3]];3;5;2
710;[[3], [-2]];3;5;2
711;[[2, 3], [3, 4], [2, 4]];3;5;3
712;[[-3, 2], [-1], [1, 3, -5]];3;5;3
713;[[3, 1], [1, -4, 2]];3;5;2
714;[[4], [4, -2], [1, -4]];3;5;3
715;[[-5], [4, -1]];3;5;2
716;[[3, 4], [-4, -1, 2]];3;5;2
717;[[1, -3, 4], [-1, 4], [2]];3;5;3
718;[[4], [-5]];3;5;2
719;[[-4, -5], [-2, -1]];3;5;2
720;[[-4, -1, 3], [-3, 4]];3;5;2
721;[[1, 2, -4], [-2], [3, 4]];3;5;3
722;[[4, -3], [-5, -3, 4]];3;5;2
723;[[-4], [4, -3, 2], [-5, -1]];3;5;3
724;[[-4], [4, 3], [1]];3;5;3
725;[[2, -4], [4, 2], [4, 3]];3;5;3
726;[[-3, -1, 4], [-3]];3;5;2
727;[[3], [-1, -3], [4]];3;5;3
728;[[-3], [1, 3, -2], [-4]];3;5;3
729;[[-4], [-4, -3]];3;5;2
730;[[4], [4, -2]];3;5;2
731;[[-3, -2], [-5, 1]];3;5;2
732;[[3, -5], [2, 1], [-1]];3;5;3
733;[[-1], [-2], [-5]];3;5;3
734;[[1, 2], [-4, 2, 3]];3;5;2
735;[[4], [1, -5, -4], [4, 3, -2]];3;5;3
736;[[-1, -5], [-5, -3, -1], [-5]];3;5;3
737;[[4], [4, -3, 1]];3;5;2
738;[[4], [-1, 4], [-1, 4, -3]];3;5;3
739;[[1, 3], [4], [4, 2, 3]];3;5;3
740;[[-2, -1, 4], [2], [1, 3]];3;5;3
741;[[-1, -2], [1, -4]];3;5;2
742;[[2], [1]];3;5;2
743;[[-4, -1, 2], [-3, 1, 4]];3;5;2
744;[[-5], [-1, 3], [-3, 4]];3;5;3
745;[[-1], [2]];3;5;2
746;[[-4], [-2, 3], [-1, -2, 4]];3;5;3
747;[[1, -2], [-4, -2, 1], [3]];3;5;3
748;[[-2], [-2, -4, 3]];3;5;2
749;[[-1, 2], [-4], [1, -5, -3]];3;5;3
750;[[-2], [-2, 4, -5]];3;5;2
751;[[2], [3]];3;5;2
752;[[-1, -2, -5], [-2, -5, 3]];3;5;2
753;[[-4, 2], [-2, -5, -3]];3;5;2
754;[[-3, -5], [3], [4]];3;5;3
755;[[3, -2, -4], [3]];3;5;2
756;[[-5], [-4, -1, -5], [-4, -2, -3]];3;5;3
757;[[1, -5], [-1, 3]];3;5;2
758;[[4, 2], [3, 1]];3;5;2
759;[[-4], [-3], [-2, -3]];3;5;3
760;[[-5], [2]];3;5;2
761;[[1, 2], [-5, 2, 4]];3;5;2
762;[[-4, -5, -1], [3, -2, -1], [-3]];3;5;3
763;[[-1], [3, -5]];3;5;2
764;[[-1, 3], [-1], [2, 3, -4]];3;5;3
765;[[3, 2, 1], [2]];3;5;2
766;[[-5, -3, -2], [-1, 2], [-3]];3;5;3
767;[[4, 1, -3], [-4]];3;5;2
768;[[4], [-2]];3;5;2
769;[[-1, -2], [-3, -4, 1]];3;5;2
770;[[-2], [4, -1], [-3]];3;5;3
771;[[-4], [1], [-4, 3]];3;5;3
772;[[1, -5, 2], [3]];3;5;2
773;[[2, 1, 4], [-4, -2, 3], [1]];3;5;3
774;[[-3, -5, 2], [1, 3], [4, -2]];3;5;3
775;[[4, -5], [2], [-4]];3;5;3
776;[[-5], [3, -2], [-5, -4]];3;5;3
777;[[4], [4, -2], [-1, -5, -2]];3;5;3
778;[[-5], [2, 4]];3;5;2
779;[[-5], [4]];3;5;2
780;[[-5, 4], [-1], [-3, 4]];3;5;3
781;[[-3], [-1, -3]];3;5;2
782;[[-5], [-1, -3], [4, 2, 3]];3;5;3
783;[[2, 3, 1], [4, -5, -2], [-2, -1, -4]];3;5;3
784;[[4, -5], [2], [-5]];3;5;3
785;[[4, 2, -3], [-1], [-1, -4]];3;5;3
786;[[-1, -5, 4], [-2, 3, -1]];3;5;2
787;[[1, 4], [4, 2, -1]];3;5;2
788;[[-4, 1], [-5]];3;5;2
789;[[-2, 4, 1], [-5, -2], [-2, -3]];3;5;3
790;[[1], [2], [-3, -4]];3;5;3
791;[[-3], [-2, -4, 1], [-2]];3;5;3
792;[[-2, 1], [-3, 4, 2]];3;5;2
793;[[-1, -5, -3], [2, -5]];3;5;2
794;[[3], [-3, -2, -5], [2, -4, -3]];3;5;3
795;[[3], [4, 1, 3], [-1]];3;5;3
796;[[-2, 3], [1, -4]];3;5;2
797;[[-3, -4, 1], [-3, 1, -2], [-4]];3;5;3
798;[[-1, -2, -4], [2, -4]];3;5;2
799;[[-5, 1], [4, 2], [4]];3;5;3
800;[[4, -2, 1], [-3, 1, 2]];3;5;2
801;[[-5], [4]];3;5;2
802;[[-3, -5], [4], [-3, 4]];3;5;3
803;[[-3], [2, 3, -4], [4]];3;5;3
804;[[-3, -1, -5], [-1, 4]];3;5;2
805;[[-4, 3], [-4, 2], [-4, -5]];3;5;3
806;[[-4, 2], [3, 1, 4]];3;5;2
807;[[1], [4], [-5, -3]];3;5;3
808;[[4, 2], [1, 3, -4], [3, 2, -5]];3;5;3
809;[[1], [-5, 3, -2], [-5, 1]];3;5;3
810;[[4], [4, -2, -1], [2, -5]];3;5;3
811;[[4, -2], [2, 3], [1]];3;5;3
812;[[1, -2, 4], [-2, 3], [-5, -1, -2]];3;5;3
813;[[-1], [-4]];3;5;2
814;[[1, 4], [-5, 3], [-3]];3;5;3
815;[[2], [-2, 3, -5]];3;5;2
816;[[1], [3, 4], [-3]];3;5;3
817;[[2], [-1]];3;5;2
818;[[1], [-4]];3;5;2
819;[[-2, 1], [2, -5]];3;5;2
820;[[-5, -4, 2], [-1, 4, 2]];3;5;2
821;[[1], [-1, -2, -4], [-4, -5, -1]];3;5;3
822;[[-3, -4, -2], [-3, -4, 2]];3;5;2
823;[[-1, 4, 3], [3]];3;5;2
824;[[-4, -3], [-1, 3, 4]];3;5;2
825;[[2], [-3, -4, 1]];3;5;2
826;[[-4], [4, 2, -1]];3;5;2
827;[[2], [-5, -1]];3;5;2
828;[[1, -5], [-1, -5], [-5, -4]];3;5;3
829;[[3], [-1, -2, -5]];3;5;2
830;[[-5, 2], [-4, 2, -3]];3;5;2
831;[[-1], [3, -2]];3;5;2
832;[[-1], [3, -1, 4]];3;5;2
833;[[-5, 3], [-4, -1]];3;5;2
834;[[2, -1], [-3, 1], [2]];3;5;3
835;[[-3], [1, 3, -5], [-1]];3;5;3
836;[[-2], [1], [-4]];3;5;3
837;[[-1, 2, -4], [-4, 2], [-2]];3;5;3
838;[[-3, -2, -5], [4, 2]];3;5;2
839;[[-3], [-5, -1, 2]];3;5;2
840;[[-4, -5], [-1, -5, 3], [1, -2]];3;5;3
841;[[3], [4], [-1, 2]];3;5;3
842;[[1, -3], [-2, -1, 3], [-1, 2, -5]];3;5;3
843;[[-5, -1], [-4, 1], [3, -5, 2]];3;5;3
844;[[-3, 4], [-4]];3;5;2
845;[[1], [-3, 1, 2]];3;5;2
846;[[-5, 1, -4], [-2, 3]];3;5;2
847;[[3, -5], [1], [2, -4]];3;5;3
848;[[1, -3], [-2, 4]];3;5;2
849;[[-5], [1]];3;5;2
850;[[1, -3, -5], [1, 2], [-2, -5, 1]];3;5;3
851;[[2], [4, 2], [4]];3;5;3
852;[[1, -3, 4], [-3, 1, -5]];3;5;2
853;[[2], [4]];3;5;2
854;[[-4, -3], [-5, -2], [-1]];3;5;3
855;[[-1, 4], [1, -2, -4]];3;5;2
856;[[3, -4, 2], [1, -2], [-1]];3;5;3
857;[[-5, 3, -1], [2], [3, 1, -4]];3;5;3
858;[[2], [2, 3], [1, 4]];3;5;3
859;[[-2, -4], [-4]];3;5;2
860;[[-5], [-3, 2, -1]];3;5;2
861;[[4], [4, -1]];3;5;2
862;[[-5, -1, -2], [1]];3;5;2
863;[[-5, 4], [-1, 4]];3;5;2
864;[[-1], [-2, 3, 1], [1, -2]];3;5;3
865;[[1], [-3]];3;5;2
866;[[-4], [-1, -2, -3]];3;5;2
867;[[-3, 1, 4], [2], [2, -4, 1]];3;5;3
868;[[-4], [-2]];3;5;2
869;[[-2, -4, -3], [-4]];3;5;2
870;[[4], [2, -5, 1], [-3]];3;5;3
871;[[-1, -3], [3, -4], [4]];3;5;3
872;[[-1], [3, -1]];3;5;2
873;[[-5, 3], [2, 4, 1]];3;5;2
874;[[-4], [3, -1], [4, -1]];3;5;3
875;[[-2, 1, 3], [1], [-3]];3;5;3
876;[[4], [2, -4, -3]];3;5;2
877;[[4, 2], [3, 1, -4]];3;5;2
878;[[4, -3, -1], [3], [-2]];3;5;3
879;[[3], [3, 1]];3;5;2
880;[[-5], [-5, 3], [2]];3;5;3
881;[[-2, -4, -1], [4]];3;5;2
882;[[-4, -5, -2], [1, -4, -3], [3, -1, -5]];3;5;3
883;[[3], [3, -2]];3;5;2
884;[[-1], [-3, -1], [-5]];3;5;3
885;[[4], [4, 3, -5], [-2, -4]];3;5;3
886;[[1, 3, -5], [-2], [2, 1]];3;5;3
887;[[-1, -3, -5], [-3, -1], [1, -3, -2]];3;5;3
888;[[-3, -2, -1], [-5, 4]];3;5;2
889;[[-4, 3], [-5]];3;5;2
890;[[-4], [4, -2, -5]];3;5;2
891;[[-2, 3], [-2, -3]];3;5;2
892;[[4], [-4, -5, -1]];3;5;2
893;[[4, 3, -5], [3, -2]];3;5;2
894;[[-2, 1], [-2, -5]];3;5;2
895;[[-3], [-2, -1]];3;5;2
896;[[2, 4, 3], [1, 2, 3]];3;5;2
897;[[3, -1, 2], [3, -4], [-5]];3;5;3
898;[[-3, 4, -5], [4]];3;5;2
899;[[1], [4]];3;5;2
900;[[-1, -4, -5], [3, 1, -2], [2, -4, -1]];3;5;3
901;[[3, 4], [-5, 4, 1], [2, 1, 3]];3;5;3
902;[[-1], [4, 2, 1], [2, -4]];3;5;3
903;[[4, -5], [4, 2, 1], [-1, 3, 2]];3;5;3
904;[[-5, 3], [-5, 2, 4], [-4, -1]];3;5;3
905;[[-2], [-5, 4]];3;5;2
906;[[-3], [4, 3, 1]];3;5;2
907;[[3], [-5]];3;5;2
908;[[3, 1], [4, -2]];3;5;2
909;[[-2, -3, -4], [-1], [3, 1]];3;5;3
910;[[2, 1], [-4, -2, -1]];3;5;2
911;[[-3, -1, 2], [1, -2]];3;5;2
912;[[2, 4], [2, 4, -1]];3;5;2
913;[[-1, -3], [-4]];3;5;2
914;[[-3, -5], [-5]];3;5;2
915;[[4, 3, -2], [-1], [-2, -1, -5]];3;5;3
916;[[2, -4], [1, -3], [2]];3;5;3
917;[[2], [-2, -3, -1]];3;5;2
918;[[-2], [-2, -4, -5], [4, -2]];3;5;3
919;[[-4], [3]];3;5;2
920;[[4, -5], [4, 2, -1], [2, -4]];3;5;3
921;[[-5], [2], [1]];3;5;3
922;[[-1, -5], [-4]];3;5;2
923;[[4], [-1], [4, -2, 1]];3;5;3
924;[[1, 3, 4], [3, 1], [2, -5]];3;5;3
925;[[-1, -3], [1]];3;5;2
926;[[-3, 1, -2], [4, -1]];3;5;2
927;[[-1], [-3]];3;5;2
928;[[3], [-5, 4], [1]];3;5;3
929;[[1], [3]];3;5;2
930;[[-5, 3], [4]];3;5;2
931;[[4, -5], [-3, -2, 1], [-2]];3;5;3
932;[[-3, 4, -5], [2]];3;5;2
933;[[-1, 4], [4], [-2, -3]];3;5;3
934;[[3, -5], [-4, 1]];3;5;2
935;[[-5, -4, -1], [-5, -1], [-2]];3;5;3
936;[[2], [2, 3, 4], [-2, -3]];3;5;3
937;[[4], [-5, 1], [4, 1]];3;5;3
938;[[-1, -3], [3, -4], [-1]];3;5;3
939;[[-4, -5], [-1], [-4, 1, -2]];3;5;3
940;[[1, 2], [3, 2, -1], [2, 1, 3]];3;5;3
941;[[-5], [-5, -4]];3;5;2
942;[[3, -1], [4, 2, -3], [2, -5, -4]];3;5;3
943;[[2, 4], [-2, -3, -4], [4]];3;5;3
944;[[-5, -3, 1], [1]];3;5;2
945;[[-1], [-4, 1, -3]];3;5;2
946;[[3, -2], [-3]];3;5;2
947;[[-4], [-3]];3;5;2
948;[[-5, -4], [4], [-3]];3;5;3
949;[[2], [3]];3;5;2
950;[[-4, -2], [-1], [-1, -2]];3;5;3
951;[[-2], [2, -5, -1], [-5, 3]];3;5;3
952;[[3, -5, 1], [3, -4], [-3]];3;5;3
953;[[-1, 3, -5], [-1]];3;5;2
954;[[-2], [-1, 4, -5]];3;5;2
955;[[4], [4, -5]];3;5;2
956;[[3, -1], [3, 4, 1]];3;5;2
957;[[-5, 1], [-5], [1, 3, -5]];3;5;3
958;[[-3], [3, -5, -1], [-4, 1, 2]];3;5;3
959;[[-1, -5, -3], [3, -4, 2]];3;5;2
960;[[2, -5, -4], [-4, 2]];3;5;2
961;[[-1], [-3], [-5, -4]];3;5;3
962;[[3, 1, -5], [4, 1], [-4, 2]];3;5;3
963;[[-2, -5, -3], [-4, 3, -1]];3;5;2
964;[[-4, 2], [4]];3;5;2
965;[[-4], [2], [-1, 2]];3;5;3
966;[[4], [2]];3;5;2
967;[[1, -2, -5], [-5, -2, -3]];3;5;2
968;[[3, -1, -4], [-5, -1]];3;5;2
969;[[-4], [3, 2, -5], [1, 2, -3]];3;5;3
970;[[-4, 1], [-5, -4], [3]];3;5;3
971;[[1], [-4]];3;5;2
972;[[-1, 2], [4, 2], [1, -5, 4]];3;5;3
973;[[4, -3], [-1, -3, -5], [-3]];3;5;3
974;[[-1, -3], [2, -4], [-5, 4]];3;5;3
975;[[3, -4], [-2, 3]];3;5;2
976;[[-3, -2], [-5, 4], [-2, 4]];3;5;3
977;[[2, -1, 4], [-2]];3;5;2
978;[[-3, 1], [2, 1, -3]];3;5;2
979;[[1, -5], [-5], [-5, 1, -3]];3;5;3
980;[[1], [3], [-1, 4]];3;5;3
981;[[-2], [-2, -5, -4], [4, 1]];3;5;3
982;[[-4, 3], [1, -2], [-3, -4]];3;5;3
983;[[4, 2, 3], [-3], [-2, 1]];3;5;3
984;[[-3, 1, 4], [-5, -3]];3;5;2
985;[[4, -3, 1], [4, 1, -3]];3;5;2
986;[[-4], [1, -5]];3;5;2
987;[[3], [-1], [-3, 2, 1]];3;5;3
988;[[1, 4, -3], [4, -2, -3], [-2]];3;5;3
989;[[-4, 1, -3], [-4, -3, -5], [-2, -1, 4]];3;5;3
990;[[4, 2, 3], [-4], [2, 1]];3;5;3
991;[[1, 2, -3], [-5, 1, -4], [-1]];3;5;3
992;[[2], [-2, -5, -1]];3;5;2
993;[[4, -5], [-2]];3;5;2
994;[[-4, -2], [3, 1, -5]];3;5;2
995;[[4], [2, 3]];3;5;2
996;[[2, -1], [1], [4, 2]];3;5;3
997;[[-4, 2], [-1], [-4, 1]];3;5;3
998;[[-4, 3], [3, 4, -2], [-4]];3;5;3
999;[[-4], [3, 1], [1, 2]];3;5;3
1000;[[-4, 2, -3], [2]];3;5;2
